Mes,Semana,Temas
1,1,"Introducción a Go para backend"
1,2,"Manejo de bases de datos con Go"
1,3,"Creación de una API RESTful básica con Go"
1,4,"Implementación de autenticación y autorización en una API RESTful con Go"
2,1,"Desarrollo de microservicios con Go"
2,2,"Utilización de Docker y Kubernetes en el desarrollo de aplicaciones con Go"
2,3,"Creación de pruebas unitarias y de integración en Go"
2,4,"Implementación de una API GraphQL con Go"
3,1,"Introducción a Gin, un framework para desarrollo web en Go"
3,2,"Utilización de Gorm, una biblioteca de ORM para Go"
3,3,"Creación de pruebas de carga y rendimiento en Go"
3,4,"Integración de un sistema de cacheo en una aplicación de backend con Go"
4,1,"Desarrollo de una aplicación de comercio electrónico con Go"
4,2,"Creación de un sistema de gestión de contenidos con Go"
4,3,"Desarrollo de una plataforma de streaming de videos con Go"
4,4,"Desarrollo de una aplicación de mensajería instantánea con Go"
